Img_name,Box_width,Box_height,Box_class,Image_width,Image_height,Box_norm_width,Box_norm_height,Box_X,Box_Y,Cluster,Cluster_centers
img_2.jpg,72,68,mask,279,181,0.25806451612903225,0.3756906077348066,4,5,1,"[[0.13465828 0.20586214]
 [0.19855866 0.43074505]
 [0.52370644 0.45668567]
 [0.30627308 0.20792703]
 [0.09224879 0.0830203 ]]"
img_2.jpg,26,30,mask,279,181,0.0931899641577061,0.16574585635359115,2,3,0,"[[0.13465828 0.20586214]
 [0.19855866 0.43074505]
 [0.52370644 0.45668567]
 [0.30627308 0.20792703]
 [0.09224879 0.0830203 ]]"
img_2.jpg,26,23,mask,279,181,0.0931899641577061,0.1270718232044199,2,2,4,"[[0.13465828 0.20586214]
 [0.19855866 0.43074505]
 [0.52370644 0.45668567]
 [0.30627308 0.20792703]
 [0.09224879 0.0830203 ]]"
img_3.jpg,38,26,mask,1020,573,0.03725490196078431,0.04537521815008726,1,1,4,"[[0.13465828 0.20586214]
 [0.19855866 0.43074505]
 [0.52370644 0.45668567]
 [0.30627308 0.20792703]
 [0.09224879 0.0830203 ]]"
img_3.jpg,44,31,mask,1020,573,0.043137254901960784,0.05410122164048865,1,1,4,"[[0.13465828 0.20586214]
 [0.19855866 0.43074505]
 [0.52370644 0.45668567]
 [0.30627308 0.20792703]
 [0.09224879 0.0830203 ]]"
img_3.jpg,55,36,mask,1020,573,0.05392156862745098,0.06282722513089005,1,1,4,"[[0.13465828 0.20586214]
 [0.19855866 0.43074505]
 [0.52370644 0.45668567]
 [0.30627308 0.20792703]
 [0.09224879 0.0830203 ]]"
img_3.jpg,64,42,mask,1020,573,0.06274509803921569,0.07329842931937172,1,1,4,"[[0.13465828 0.20586214]
 [0.19855866 0.43074505]
 [0.52370644 0.45668567]
 [0.30627308 0.20792703]
 [0.09224879 0.0830203 ]]"
img_3.jpg,17,14,mask,1020,573,0.016666666666666666,0.02443280977312391,1,1,4,"[[0.13465828 0.20586214]
 [0.19855866 0.43074505]
 [0.52370644 0.45668567]
 [0.30627308 0.20792703]
 [0.09224879 0.0830203 ]]"
img_3.jpg,39,37,boots,1020,573,0.03823529411764706,0.06457242582897033,1,1,4,"[[0.13465828 0.20586214]
 [0.19855866 0.43074505]
 [0.52370644 0.45668567]
 [0.30627308 0.20792703]
 [0.09224879 0.0830203 ]]"
img_3.jpg,82,27,boots,1020,573,0.0803921568627451,0.04712041884816754,2,1,4,"[[0.13465828 0.20586214]
 [0.19855866 0.43074505]
 [0.52370644 0.45668567]
 [0.30627308 0.20792703]
 [0.09224879 0.0830203 ]]"
img_3.jpg,44,37,boots,1020,573,0.043137254901960784,0.06457242582897033,1,1,4,"[[0.13465828 0.20586214]
 [0.19855866 0.43074505]
 [0.52370644 0.45668567]
 [0.30627308 0.20792703]
 [0.09224879 0.0830203 ]]"
img_4.jpg,38,30,mask,960,707,0.03958333333333333,0.042432814710042434,1,1,4,"[[0.13465828 0.20586214]
 [0.19855866 0.43074505]
 [0.52370644 0.45668567]
 [0.30627308 0.20792703]
 [0.09224879 0.0830203 ]]"
img_4.jpg,36,23,mask,960,707,0.0375,0.03253182461103253,1,1,4,"[[0.13465828 0.20586214]
 [0.19855866 0.43074505]
 [0.52370644 0.45668567]
 [0.30627308 0.20792703]
 [0.09224879 0.0830203 ]]"
img_4.jpg,42,25,mask,960,707,0.04375,0.03536067892503536,1,1,4,"[[0.13465828 0.20586214]
 [0.19855866 0.43074505]
 [0.52370644 0.45668567]
 [0.30627308 0.20792703]
 [0.09224879 0.0830203 ]]"
img_4.jpg,47,32,mask,960,707,0.04895833333333333,0.04526166902404526,1,1,4,"[[0.13465828 0.20586214]
 [0.19855866 0.43074505]
 [0.52370644 0.45668567]
 [0.30627308 0.20792703]
 [0.09224879 0.0830203 ]]"
img_4.jpg,46,28,mask,960,707,0.04791666666666667,0.039603960396039604,1,1,4,"[[0.13465828 0.20586214]
 [0.19855866 0.43074505]
 [0.52370644 0.45668567]
 [0.30627308 0.20792703]
 [0.09224879 0.0830203 ]]"
img_4.jpg,34,29,mask,960,707,0.035416666666666666,0.04101838755304102,1,1,4,"[[0.13465828 0.20586214]
 [0.19855866 0.43074505]
 [0.52370644 0.45668567]
 [0.30627308 0.20792703]
 [0.09224879 0.0830203 ]]"
img_4.jpg,69,25,boots,960,707,0.071875,0.03536067892503536,1,1,4,"[[0.13465828 0.20586214]
 [0.19855866 0.43074505]
 [0.52370644 0.45668567]
 [0.30627308 0.20792703]
 [0.09224879 0.0830203 ]]"
img_4.jpg,59,35,boots,960,707,0.06145833333333333,0.04950495049504951,1,1,4,"[[0.13465828 0.20586214]
 [0.19855866 0.43074505]
 [0.52370644 0.45668567]
 [0.30627308 0.20792703]
 [0.09224879 0.0830203 ]]"
img_4.jpg,109,50,boots,960,707,0.11354166666666667,0.07072135785007072,2,1,4,"[[0.13465828 0.20586214]
 [0.19855866 0.43074505]
 [0.52370644 0.45668567]
 [0.30627308 0.20792703]
 [0.09224879 0.0830203 ]]"
img_4.jpg,71,52,boots,960,707,0.07395833333333333,0.07355021216407355,1,1,4,"[[0.13465828 0.20586214]
 [0.19855866 0.43074505]
 [0.52370644 0.45668567]
 [0.30627308 0.20792703]
 [0.09224879 0.0830203 ]]"
img_4.jpg,95,38,boots,960,707,0.09895833333333333,0.05374823196605375,2,1,4,"[[0.13465828 0.20586214]
 [0.19855866 0.43074505]
 [0.52370644 0.45668567]
 [0.30627308 0.20792703]
 [0.09224879 0.0830203 ]]"
img_4.jpg,50,23,boots,960,707,0.052083333333333336,0.03253182461103253,1,1,4,"[[0.13465828 0.20586214]
 [0.19855866 0.43074505]
 [0.52370644 0.45668567]
 [0.30627308 0.20792703]
 [0.09224879 0.0830203 ]]"
img_36.jpg,46,38,boots,275,183,0.16727272727272727,0.20765027322404372,3,3,0,"[[0.13465828 0.20586214]
 [0.19855866 0.43074505]
 [0.52370644 0.45668567]
 [0.30627308 0.20792703]
 [0.09224879 0.0830203 ]]"
img_36.jpg,45,45,boots,275,183,0.16363636363636364,0.2459016393442623,3,4,0,"[[0.13465828 0.20586214]
 [0.19855866 0.43074505]
 [0.52370644 0.45668567]
 [0.30627308 0.20792703]
 [0.09224879 0.0830203 ]]"
img_36.jpg,34,37,boots,275,183,0.12363636363636364,0.20218579234972678,2,3,0,"[[0.13465828 0.20586214]
 [0.19855866 0.43074505]
 [0.52370644 0.45668567]
 [0.30627308 0.20792703]
 [0.09224879 0.0830203 ]]"
img_36.jpg,30,23,boots,275,183,0.10909090909090909,0.12568306010928962,2,2,4,"[[0.13465828 0.20586214]
 [0.19855866 0.43074505]
 [0.52370644 0.45668567]
 [0.30627308 0.20792703]
 [0.09224879 0.0830203 ]]"
img_36.jpg,30,37,boots,275,183,0.10909090909090909,0.20218579234972678,2,3,0,"[[0.13465828 0.20586214]
 [0.19855866 0.43074505]
 [0.52370644 0.45668567]
 [0.30627308 0.20792703]
 [0.09224879 0.0830203 ]]"
img_37.jpg,129,106,boots,225,225,0.5733333333333334,0.4711111111111111,8,7,2,"[[0.13465828 0.20586214]
 [0.19855866 0.43074505]
 [0.52370644 0.45668567]
 [0.30627308 0.20792703]
 [0.09224879 0.0830203 ]]"
img_38.jpg,92,45,boots,275,183,0.33454545454545453,0.2459016393442623,5,4,3,"[[0.13465828 0.20586214]
 [0.19855866 0.43074505]
 [0.52370644 0.45668567]
 [0.30627308 0.20792703]
 [0.09224879 0.0830203 ]]"
img_39.jpg,420,164,boots,640,321,0.65625,0.5109034267912772,9,7,2,"[[0.13465828 0.20586214]
 [0.19855866 0.43074505]
 [0.52370644 0.45668567]
 [0.30627308 0.20792703]
 [0.09224879 0.0830203 ]]"
img_40.jpg,156,71,boots,1500,1224,0.104,0.05800653594771242,2,1,4,"[[0.13465828 0.20586214]
 [0.19855866 0.43074505]
 [0.52370644 0.45668567]
 [0.30627308 0.20792703]
 [0.09224879 0.0830203 ]]"
img_40.jpg,298,286,vest,1500,1224,0.19866666666666666,0.23366013071895425,3,4,0,"[[0.13465828 0.20586214]
 [0.19855866 0.43074505]
 [0.52370644 0.45668567]
 [0.30627308 0.20792703]
 [0.09224879 0.0830203 ]]"
img_1.jpg,54,68,vest,290,174,0.18620689655172415,0.39080459770114945,3,6,1,"[[0.13465828 0.20586214]
 [0.19855866 0.43074505]
 [0.52370644 0.45668567]
 [0.30627308 0.20792703]
 [0.09224879 0.0830203 ]]"
img_1.jpg,37,67,vest,290,174,0.12758620689655173,0.3850574712643678,2,6,1,"[[0.13465828 0.20586214]
 [0.19855866 0.43074505]
 [0.52370644 0.45668567]
 [0.30627308 0.20792703]
 [0.09224879 0.0830203 ]]"
img_10.jpg,108,71,hardhat,866,1390,0.12471131639722864,0.05107913669064748,2,1,4,"[[0.13465828 0.20586214]
 [0.19855866 0.43074505]
 [0.52370644 0.45668567]
 [0.30627308 0.20792703]
 [0.09224879 0.0830203 ]]"
img_10.jpg,94,65,hardhat,866,1390,0.10854503464203233,0.046762589928057555,2,1,4,"[[0.13465828 0.20586214]
 [0.19855866 0.43074505]
 [0.52370644 0.45668567]
 [0.30627308 0.20792703]
 [0.09224879 0.0830203 ]]"
img_10.jpg,38,53,hardhat,866,1390,0.04387990762124711,0.038129496402877695,1,1,4,"[[0.13465828 0.20586214]
 [0.19855866 0.43074505]
 [0.52370644 0.45668567]
 [0.30627308 0.20792703]
 [0.09224879 0.0830203 ]]"
img_10.jpg,49,184,vest,866,1390,0.05658198614318707,0.13237410071942446,1,2,4,"[[0.13465828 0.20586214]
 [0.19855866 0.43074505]
 [0.52370644 0.45668567]
 [0.30627308 0.20792703]
 [0.09224879 0.0830203 ]]"
img_10.jpg,109,238,vest,866,1390,0.1258660508083141,0.1712230215827338,2,3,0,"[[0.13465828 0.20586214]
 [0.19855866 0.43074505]
 [0.52370644 0.45668567]
 [0.30627308 0.20792703]
 [0.09224879 0.0830203 ]]"
img_10.jpg,56,102,vest,866,1390,0.06466512702078522,0.07338129496402877,1,1,4,"[[0.13465828 0.20586214]
 [0.19855866 0.43074505]
 [0.52370644 0.45668567]
 [0.30627308 0.20792703]
 [0.09224879 0.0830203 ]]"
img_10.jpg,133,190,vest,866,1390,0.1535796766743649,0.1366906474820144,2,2,0,"[[0.13465828 0.20586214]
 [0.19855866 0.43074505]
 [0.52370644 0.45668567]
 [0.30627308 0.20792703]
 [0.09224879 0.0830203 ]]"
img_10.jpg,120,88,hardhat,866,1390,0.13856812933025403,0.06330935251798561,2,1,4,"[[0.13465828 0.20586214]
 [0.19855866 0.43074505]
 [0.52370644 0.45668567]
 [0.30627308 0.20792703]
 [0.09224879 0.0830203 ]]"
img_10.jpg,108,76,boots,866,1390,0.12471131639722864,0.05467625899280575,2,1,4,"[[0.13465828 0.20586214]
 [0.19855866 0.43074505]
 [0.52370644 0.45668567]
 [0.30627308 0.20792703]
 [0.09224879 0.0830203 ]]"
img_10.jpg,83,70,boots,866,1390,0.09584295612009237,0.050359712230215826,2,1,4,"[[0.13465828 0.20586214]
 [0.19855866 0.43074505]
 [0.52370644 0.45668567]
 [0.30627308 0.20792703]
 [0.09224879 0.0830203 ]]"
img_10.jpg,76,65,boots,866,1390,0.08775981524249422,0.046762589928057555,2,1,4,"[[0.13465828 0.20586214]
 [0.19855866 0.43074505]
 [0.52370644 0.45668567]
 [0.30627308 0.20792703]
 [0.09224879 0.0830203 ]]"
img_10.jpg,82,50,boots,866,1390,0.09468822170900693,0.03597122302158273,2,1,4,"[[0.13465828 0.20586214]
 [0.19855866 0.43074505]
 [0.52370644 0.45668567]
 [0.30627308 0.20792703]
 [0.09224879 0.0830203 ]]"
img_11.jpg,46,28,hardhat,425,319,0.10823529411764705,0.0877742946708464,2,2,4,"[[0.13465828 0.20586214]
 [0.19855866 0.43074505]
 [0.52370644 0.45668567]
 [0.30627308 0.20792703]
 [0.09224879 0.0830203 ]]"
img_11.jpg,68,65,vest,425,319,0.16,0.20376175548589343,3,3,0,"[[0.13465828 0.20586214]
 [0.19855866 0.43074505]
 [0.52370644 0.45668567]
 [0.30627308 0.20792703]
 [0.09224879 0.0830203 ]]"
img_11.jpg,24,16,hardhat,425,319,0.05647058823529412,0.050156739811912224,1,1,4,"[[0.13465828 0.20586214]
 [0.19855866 0.43074505]
 [0.52370644 0.45668567]
 [0.30627308 0.20792703]
 [0.09224879 0.0830203 ]]"
img_11.jpg,17,55,vest,425,319,0.04,0.1724137931034483,1,3,0,"[[0.13465828 0.20586214]
 [0.19855866 0.43074505]
 [0.52370644 0.45668567]
 [0.30627308 0.20792703]
 [0.09224879 0.0830203 ]]"
img_11.jpg,37,51,vest,425,319,0.08705882352941176,0.15987460815047022,2,3,0,"[[0.13465828 0.20586214]
 [0.19855866 0.43074505]
 [0.52370644 0.45668567]
 [0.30627308 0.20792703]
 [0.09224879 0.0830203 ]]"
img_11.jpg,28,22,hardhat,425,319,0.06588235294117648,0.06896551724137931,1,1,4,"[[0.13465828 0.20586214]
 [0.19855866 0.43074505]
 [0.52370644 0.45668567]
 [0.30627308 0.20792703]
 [0.09224879 0.0830203 ]]"
img_11.jpg,24,64,vest,425,319,0.05647058823529412,0.2006269592476489,1,3,0,"[[0.13465828 0.20586214]
 [0.19855866 0.43074505]
 [0.52370644 0.45668567]
 [0.30627308 0.20792703]
 [0.09224879 0.0830203 ]]"
img_11.jpg,50,34,hardhat,425,319,0.11764705882352941,0.10658307210031348,2,2,4,"[[0.13465828 0.20586214]
 [0.19855866 0.43074505]
 [0.52370644 0.45668567]
 [0.30627308 0.20792703]
 [0.09224879 0.0830203 ]]"
img_11.jpg,16,44,vest,425,319,0.03764705882352941,0.13793103448275862,1,2,4,"[[0.13465828 0.20586214]
 [0.19855866 0.43074505]
 [0.52370644 0.45668567]
 [0.30627308 0.20792703]
 [0.09224879 0.0830203 ]]"
img_11.jpg,47,98,vest,425,319,0.11058823529411765,0.3072100313479624,2,4,0,"[[0.13465828 0.20586214]
 [0.19855866 0.43074505]
 [0.52370644 0.45668567]
 [0.30627308 0.20792703]
 [0.09224879 0.0830203 ]]"
img_11.jpg,52,32,hardhat,425,319,0.1223529411764706,0.10031347962382445,2,2,4,"[[0.13465828 0.20586214]
 [0.19855866 0.43074505]
 [0.52370644 0.45668567]
 [0.30627308 0.20792703]
 [0.09224879 0.0830203 ]]"
img_11.jpg,52,116,vest,425,319,0.1223529411764706,0.36363636363636365,2,5,1,"[[0.13465828 0.20586214]
 [0.19855866 0.43074505]
 [0.52370644 0.45668567]
 [0.30627308 0.20792703]
 [0.09224879 0.0830203 ]]"
img_41.jpg,60,85,vest,600,400,0.1,0.2125,2,3,0,"[[0.13465828 0.20586214]
 [0.19855866 0.43074505]
 [0.52370644 0.45668567]
 [0.30627308 0.20792703]
 [0.09224879 0.0830203 ]]"
img_41.jpg,61,34,boots,600,400,0.10166666666666667,0.085,2,2,4,"[[0.13465828 0.20586214]
 [0.19855866 0.43074505]
 [0.52370644 0.45668567]
 [0.30627308 0.20792703]
 [0.09224879 0.0830203 ]]"
img_41.jpg,54,34,boots,600,400,0.09,0.085,2,2,4,"[[0.13465828 0.20586214]
 [0.19855866 0.43074505]
 [0.52370644 0.45668567]
 [0.30627308 0.20792703]
 [0.09224879 0.0830203 ]]"
img_41.jpg,51,30,boots,600,400,0.085,0.075,2,1,4,"[[0.13465828 0.20586214]
 [0.19855866 0.43074505]
 [0.52370644 0.45668567]
 [0.30627308 0.20792703]
 [0.09224879 0.0830203 ]]"
img_41.jpg,86,30,boots,600,400,0.14333333333333334,0.075,2,1,4,"[[0.13465828 0.20586214]
 [0.19855866 0.43074505]
 [0.52370644 0.45668567]
 [0.30627308 0.20792703]
 [0.09224879 0.0830203 ]]"
img_41.jpg,62,40,boots,600,400,0.10333333333333333,0.1,2,2,4,"[[0.13465828 0.20586214]
 [0.19855866 0.43074505]
 [0.52370644 0.45668567]
 [0.30627308 0.20792703]
 [0.09224879 0.0830203 ]]"
img_41.jpg,61,77,vest,600,400,0.10166666666666667,0.1925,2,3,0,"[[0.13465828 0.20586214]
 [0.19855866 0.43074505]
 [0.52370644 0.45668567]
 [0.30627308 0.20792703]
 [0.09224879 0.0830203 ]]"
img_41.jpg,60,71,vest,600,400,0.1,0.1775,2,3,0,"[[0.13465828 0.20586214]
 [0.19855866 0.43074505]
 [0.52370644 0.45668567]
 [0.30627308 0.20792703]
 [0.09224879 0.0830203 ]]"
img_41.jpg,66,106,vest,600,400,0.11,0.265,2,4,0,"[[0.13465828 0.20586214]
 [0.19855866 0.43074505]
 [0.52370644 0.45668567]
 [0.30627308 0.20792703]
 [0.09224879 0.0830203 ]]"
img_9.jpg,91,82,mask,940,627,0.09680851063829787,0.13078149920255183,2,2,4,"[[0.13465828 0.20586214]
 [0.19855866 0.43074505]
 [0.52370644 0.45668567]
 [0.30627308 0.20792703]
 [0.09224879 0.0830203 ]]"
img_9.jpg,77,69,mask,940,627,0.08191489361702127,0.11004784688995216,2,2,4,"[[0.13465828 0.20586214]
 [0.19855866 0.43074505]
 [0.52370644 0.45668567]
 [0.30627308 0.20792703]
 [0.09224879 0.0830203 ]]"
img_9.jpg,119,89,mask,940,627,0.12659574468085105,0.1419457735247209,2,2,0,"[[0.13465828 0.20586214]
 [0.19855866 0.43074505]
 [0.52370644 0.45668567]
 [0.30627308 0.20792703]
 [0.09224879 0.0830203 ]]"
img_9.jpg,75,51,mask,940,627,0.0797872340425532,0.08133971291866028,2,2,4,"[[0.13465828 0.20586214]
 [0.19855866 0.43074505]
 [0.52370644 0.45668567]
 [0.30627308 0.20792703]
 [0.09224879 0.0830203 ]]"
img_9.jpg,51,37,mask,940,627,0.05425531914893617,0.05901116427432217,1,1,4,"[[0.13465828 0.20586214]
 [0.19855866 0.43074505]
 [0.52370644 0.45668567]
 [0.30627308 0.20792703]
 [0.09224879 0.0830203 ]]"
img_9.jpg,67,40,mask,940,627,0.07127659574468086,0.06379585326953748,1,1,4,"[[0.13465828 0.20586214]
 [0.19855866 0.43074505]
 [0.52370644 0.45668567]
 [0.30627308 0.20792703]
 [0.09224879 0.0830203 ]]"
img_5.jpg,122,86,mask,1200,826,0.10166666666666667,0.10411622276029056,2,2,4,"[[0.13465828 0.20586214]
 [0.19855866 0.43074505]
 [0.52370644 0.45668567]
 [0.30627308 0.20792703]
 [0.09224879 0.0830203 ]]"
img_5.jpg,167,135,mask,1200,826,0.13916666666666666,0.16343825665859565,2,3,0,"[[0.13465828 0.20586214]
 [0.19855866 0.43074505]
 [0.52370644 0.45668567]
 [0.30627308 0.20792703]
 [0.09224879 0.0830203 ]]"
img_5.jpg,118,107,mask,1200,826,0.09833333333333333,0.12953995157384987,2,2,4,"[[0.13465828 0.20586214]
 [0.19855866 0.43074505]
 [0.52370644 0.45668567]
 [0.30627308 0.20792703]
 [0.09224879 0.0830203 ]]"
img_5.jpg,160,111,mask,1200,826,0.13333333333333333,0.1343825665859564,2,2,0,"[[0.13465828 0.20586214]
 [0.19855866 0.43074505]
 [0.52370644 0.45668567]
 [0.30627308 0.20792703]
 [0.09224879 0.0830203 ]]"
img_5.jpg,104,85,mask,1200,826,0.08666666666666667,0.10290556900726393,2,2,4,"[[0.13465828 0.20586214]
 [0.19855866 0.43074505]
 [0.52370644 0.45668567]
 [0.30627308 0.20792703]
 [0.09224879 0.0830203 ]]"
img_5.jpg,112,64,mask,1200,826,0.09333333333333334,0.0774818401937046,2,2,4,"[[0.13465828 0.20586214]
 [0.19855866 0.43074505]
 [0.52370644 0.45668567]
 [0.30627308 0.20792703]
 [0.09224879 0.0830203 ]]"
img_5.jpg,79,82,mask,1200,826,0.06583333333333333,0.09927360774818401,1,2,4,"[[0.13465828 0.20586214]
 [0.19855866 0.43074505]
 [0.52370644 0.45668567]
 [0.30627308 0.20792703]
 [0.09224879 0.0830203 ]]"
img_6.jpg,124,134,mask,962,633,0.1288981288981289,0.21169036334913113,2,3,0,"[[0.13465828 0.20586214]
 [0.19855866 0.43074505]
 [0.52370644 0.45668567]
 [0.30627308 0.20792703]
 [0.09224879 0.0830203 ]]"
img_6.jpg,115,121,mask,962,633,0.11954261954261955,0.1911532385466035,2,3,0,"[[0.13465828 0.20586214]
 [0.19855866 0.43074505]
 [0.52370644 0.45668567]
 [0.30627308 0.20792703]
 [0.09224879 0.0830203 ]]"
img_6.jpg,131,130,mask,962,633,0.13617463617463618,0.20537124802527645,2,3,0,"[[0.13465828 0.20586214]
 [0.19855866 0.43074505]
 [0.52370644 0.45668567]
 [0.30627308 0.20792703]
 [0.09224879 0.0830203 ]]"
img_6.jpg,107,117,mask,962,633,0.11122661122661123,0.1848341232227488,2,3,0,"[[0.13465828 0.20586214]
 [0.19855866 0.43074505]
 [0.52370644 0.45668567]
 [0.30627308 0.20792703]
 [0.09224879 0.0830203 ]]"
img_6.jpg,161,213,vest,962,633,0.16735966735966737,0.33649289099526064,3,5,1,"[[0.13465828 0.20586214]
 [0.19855866 0.43074505]
 [0.52370644 0.45668567]
 [0.30627308 0.20792703]
 [0.09224879 0.0830203 ]]"
img_6.jpg,228,203,vest,962,633,0.23700623700623702,0.320695102685624,4,5,1,"[[0.13465828 0.20586214]
 [0.19855866 0.43074505]
 [0.52370644 0.45668567]
 [0.30627308 0.20792703]
 [0.09224879 0.0830203 ]]"
img_6.jpg,197,251,vest,962,633,0.2047817047817048,0.39652448657187994,3,6,1,"[[0.13465828 0.20586214]
 [0.19855866 0.43074505]
 [0.52370644 0.45668567]
 [0.30627308 0.20792703]
 [0.09224879 0.0830203 ]]"
img_6.jpg,154,236,vest,962,633,0.1600831600831601,0.37282780410742494,3,5,1,"[[0.13465828 0.20586214]
 [0.19855866 0.43074505]
 [0.52370644 0.45668567]
 [0.30627308 0.20792703]
 [0.09224879 0.0830203 ]]"
img_13.jpg,167,101,hardhat,626,417,0.26677316293929715,0.2422062350119904,4,4,3,"[[0.13465828 0.20586214]
 [0.19855866 0.43074505]
 [0.52370644 0.45668567]
 [0.30627308 0.20792703]
 [0.09224879 0.0830203 ]]"
img_13.jpg,134,97,mask,626,417,0.21405750798722045,0.23261390887290168,3,4,3,"[[0.13465828 0.20586214]
 [0.19855866 0.43074505]
 [0.52370644 0.45668567]
 [0.30627308 0.20792703]
 [0.09224879 0.0830203 ]]"
img_13.jpg,283,129,vest,626,417,0.4520766773162939,0.30935251798561153,6,5,2,"[[0.13465828 0.20586214]
 [0.19855866 0.43074505]
 [0.52370644 0.45668567]
 [0.30627308 0.20792703]
 [0.09224879 0.0830203 ]]"
img_14.jpg,130,71,hardhat,626,417,0.20766773162939298,0.17026378896882494,3,3,3,"[[0.13465828 0.20586214]
 [0.19855866 0.43074505]
 [0.52370644 0.45668567]
 [0.30627308 0.20792703]
 [0.09224879 0.0830203 ]]"
img_14.jpg,58,56,mask,626,417,0.0926517571884984,0.1342925659472422,2,2,4,"[[0.13465828 0.20586214]
 [0.19855866 0.43074505]
 [0.52370644 0.45668567]
 [0.30627308 0.20792703]
 [0.09224879 0.0830203 ]]"
img_14.jpg,171,190,vest,626,417,0.2731629392971246,0.4556354916067146,4,6,1,"[[0.13465828 0.20586214]
 [0.19855866 0.43074505]
 [0.52370644 0.45668567]
 [0.30627308 0.20792703]
 [0.09224879 0.0830203 ]]"
img_14.jpg,119,66,hardhat,626,417,0.1900958466453674,0.15827338129496402,3,3,0,"[[0.13465828 0.20586214]
 [0.19855866 0.43074505]
 [0.52370644 0.45668567]
 [0.30627308 0.20792703]
 [0.09224879 0.0830203 ]]"
img_14.jpg,79,48,mask,626,417,0.12619808306709265,0.11510791366906475,2,2,4,"[[0.13465828 0.20586214]
 [0.19855866 0.43074505]
 [0.52370644 0.45668567]
 [0.30627308 0.20792703]
 [0.09224879 0.0830203 ]]"
img_15.jpg,66,40,hardhat,474,315,0.13924050632911392,0.12698412698412698,2,2,0,"[[0.13465828 0.20586214]
 [0.19855866 0.43074505]
 [0.52370644 0.45668567]
 [0.30627308 0.20792703]
 [0.09224879 0.0830203 ]]"
img_15.jpg,46,37,mask,474,315,0.0970464135021097,0.11746031746031746,2,2,4,"[[0.13465828 0.20586214]
 [0.19855866 0.43074505]
 [0.52370644 0.45668567]
 [0.30627308 0.20792703]
 [0.09224879 0.0830203 ]]"
img_15.jpg,113,148,vest,474,315,0.23839662447257384,0.46984126984126984,4,7,1,"[[0.13465828 0.20586214]
 [0.19855866 0.43074505]
 [0.52370644 0.45668567]
 [0.30627308 0.20792703]
 [0.09224879 0.0830203 ]]"
img_7.jpg,320,280,mask,800,800,0.4,0.35,6,5,2,"[[0.13465828 0.20586214]
 [0.19855866 0.43074505]
 [0.52370644 0.45668567]
 [0.30627308 0.20792703]
 [0.09224879 0.0830203 ]]"
img_42.jpg,429,210,hardhat,4240,2832,0.10117924528301887,0.07415254237288135,2,1,4,"[[0.13465828 0.20586214]
 [0.19855866 0.43074505]
 [0.52370644 0.45668567]
 [0.30627308 0.20792703]
 [0.09224879 0.0830203 ]]"
img_42.jpg,272,327,boots,4240,2832,0.06415094339622641,0.11546610169491525,1,2,4,"[[0.13465828 0.20586214]
 [0.19855866 0.43074505]
 [0.52370644 0.45668567]
 [0.30627308 0.20792703]
 [0.09224879 0.0830203 ]]"
img_16.jpg,61,32,hardhat,580,373,0.10517241379310345,0.08579088471849866,2,2,4,"[[0.13465828 0.20586214]
 [0.19855866 0.43074505]
 [0.52370644 0.45668567]
 [0.30627308 0.20792703]
 [0.09224879 0.0830203 ]]"
img_16.jpg,54,72,vest,580,373,0.09310344827586207,0.19302949061662197,2,3,0,"[[0.13465828 0.20586214]
 [0.19855866 0.43074505]
 [0.52370644 0.45668567]
 [0.30627308 0.20792703]
 [0.09224879 0.0830203 ]]"
img_8.jpg,58,45,mask,474,143,0.12236286919831224,0.3146853146853147,2,5,0,"[[0.13465828 0.20586214]
 [0.19855866 0.43074505]
 [0.52370644 0.45668567]
 [0.30627308 0.20792703]
 [0.09224879 0.0830203 ]]"
img_8.jpg,50,43,mask,474,143,0.10548523206751055,0.3006993006993007,2,4,0,"[[0.13465828 0.20586214]
 [0.19855866 0.43074505]
 [0.52370644 0.45668567]
 [0.30627308 0.20792703]
 [0.09224879 0.0830203 ]]"
img_17.jpg,244,123,hardhat,474,348,0.5147679324894515,0.35344827586206895,7,5,2,"[[0.13465828 0.20586214]
 [0.19855866 0.43074505]
 [0.52370644 0.45668567]
 [0.30627308 0.20792703]
 [0.09224879 0.0830203 ]]"
img_17.jpg,154,105,mask,474,348,0.32489451476793246,0.3017241379310345,5,4,3,"[[0.13465828 0.20586214]
 [0.19855866 0.43074505]
 [0.52370644 0.45668567]
 [0.30627308 0.20792703]
 [0.09224879 0.0830203 ]]"
img_20.jpg,123,50,hardhat,800,521,0.15375,0.09596928982725528,2,2,4,"[[0.13465828 0.20586214]
 [0.19855866 0.43074505]
 [0.52370644 0.45668567]
 [0.30627308 0.20792703]
 [0.09224879 0.0830203 ]]"
img_20.jpg,78,55,mask,800,521,0.0975,0.10556621880998081,2,2,4,"[[0.13465828 0.20586214]
 [0.19855866 0.43074505]
 [0.52370644 0.45668567]
 [0.30627308 0.20792703]
 [0.09224879 0.0830203 ]]"
img_20.jpg,179,226,vest,800,521,0.22375,0.43378119001919385,3,6,1,"[[0.13465828 0.20586214]
 [0.19855866 0.43074505]
 [0.52370644 0.45668567]
 [0.30627308 0.20792703]
 [0.09224879 0.0830203 ]]"
img_43.jpg,132,84,hardhat,957,1300,0.13793103448275862,0.06461538461538462,2,1,4,"[[0.13465828 0.20586214]
 [0.19855866 0.43074505]
 [0.52370644 0.45668567]
 [0.30627308 0.20792703]
 [0.09224879 0.0830203 ]]"
img_43.jpg,371,139,boots,957,1300,0.3876698014629049,0.10692307692307693,6,2,3,"[[0.13465828 0.20586214]
 [0.19855866 0.43074505]
 [0.52370644 0.45668567]
 [0.30627308 0.20792703]
 [0.09224879 0.0830203 ]]"
img_50.jpg,289,100,boots,800,504,0.36125,0.1984126984126984,5,3,3,"[[0.13465828 0.20586214]
 [0.19855866 0.43074505]
 [0.52370644 0.45668567]
 [0.30627308 0.20792703]
 [0.09224879 0.0830203 ]]"
img_51.jpg,268,92,boots,600,900,0.44666666666666666,0.10222222222222223,6,2,3,"[[0.13465828 0.20586214]
 [0.19855866 0.43074505]
 [0.52370644 0.45668567]
 [0.30627308 0.20792703]
 [0.09224879 0.0830203 ]]"
img_52.jpg,59,75,boots,800,533,0.07375,0.14071294559099437,1,2,4,"[[0.13465828 0.20586214]
 [0.19855866 0.43074505]
 [0.52370644 0.45668567]
 [0.30627308 0.20792703]
 [0.09224879 0.0830203 ]]"
img_52.jpg,73,53,boots,800,533,0.09125,0.09943714821763602,2,2,4,"[[0.13465828 0.20586214]
 [0.19855866 0.43074505]
 [0.52370644 0.45668567]
 [0.30627308 0.20792703]
 [0.09224879 0.0830203 ]]"
img_22.jpg,79,49,hardhat,626,417,0.12619808306709265,0.11750599520383694,2,2,0,"[[0.13465828 0.20586214]
 [0.19855866 0.43074505]
 [0.52370644 0.45668567]
 [0.30627308 0.20792703]
 [0.09224879 0.0830203 ]]"
img_22.jpg,40,42,mask,626,417,0.06389776357827476,0.10071942446043165,1,2,4,"[[0.13465828 0.20586214]
 [0.19855866 0.43074505]
 [0.52370644 0.45668567]
 [0.30627308 0.20792703]
 [0.09224879 0.0830203 ]]"
img_22.jpg,93,202,vest,626,417,0.1485623003194888,0.4844124700239808,2,7,1,"[[0.13465828 0.20586214]
 [0.19855866 0.43074505]
 [0.52370644 0.45668567]
 [0.30627308 0.20792703]
 [0.09224879 0.0830203 ]]"
img_22.jpg,80,44,hardhat,626,417,0.12779552715654952,0.10551558752997602,2,2,4,"[[0.13465828 0.20586214]
 [0.19855866 0.43074505]
 [0.52370644 0.45668567]
 [0.30627308 0.20792703]
 [0.09224879 0.0830203 ]]"
img_22.jpg,44,44,mask,626,417,0.07028753993610223,0.10551558752997602,1,2,4,"[[0.13465828 0.20586214]
 [0.19855866 0.43074505]
 [0.52370644 0.45668567]
 [0.30627308 0.20792703]
 [0.09224879 0.0830203 ]]"
img_22.jpg,113,172,vest,626,417,0.1805111821086262,0.41247002398081534,3,6,1,"[[0.13465828 0.20586214]
 [0.19855866 0.43074505]
 [0.52370644 0.45668567]
 [0.30627308 0.20792703]
 [0.09224879 0.0830203 ]]"
img_22.jpg,73,36,hardhat,626,417,0.11661341853035144,0.08633093525179857,2,2,4,"[[0.13465828 0.20586214]
 [0.19855866 0.43074505]
 [0.52370644 0.45668567]
 [0.30627308 0.20792703]
 [0.09224879 0.0830203 ]]"
img_22.jpg,52,31,mask,626,417,0.08306709265175719,0.07434052757793765,2,1,4,"[[0.13465828 0.20586214]
 [0.19855866 0.43074505]
 [0.52370644 0.45668567]
 [0.30627308 0.20792703]
 [0.09224879 0.0830203 ]]"
img_19.jpg,156,155,hardhat,626,417,0.24920127795527156,0.37170263788968827,4,5,1,"[[0.13465828 0.20586214]
 [0.19855866 0.43074505]
 [0.52370644 0.45668567]
 [0.30627308 0.20792703]
 [0.09224879 0.0830203 ]]"
img_19.jpg,59,125,vest,626,417,0.09424920127795527,0.2997601918465228,2,4,0,"[[0.13465828 0.20586214]
 [0.19855866 0.43074505]
 [0.52370644 0.45668567]
 [0.30627308 0.20792703]
 [0.09224879 0.0830203 ]]"
img_19.jpg,166,145,hardhat,626,417,0.26517571884984026,0.34772182254196643,4,5,1,"[[0.13465828 0.20586214]
 [0.19855866 0.43074505]
 [0.52370644 0.45668567]
 [0.30627308 0.20792703]
 [0.09224879 0.0830203 ]]"
img_19.jpg,116,96,mask,626,417,0.1853035143769968,0.2302158273381295,3,3,0,"[[0.13465828 0.20586214]
 [0.19855866 0.43074505]
 [0.52370644 0.45668567]
 [0.30627308 0.20792703]
 [0.09224879 0.0830203 ]]"
img_19.jpg,172,106,hardhat,626,417,0.2747603833865815,0.2541966426858513,4,4,3,"[[0.13465828 0.20586214]
 [0.19855866 0.43074505]
 [0.52370644 0.45668567]
 [0.30627308 0.20792703]
 [0.09224879 0.0830203 ]]"
img_19.jpg,212,91,vest,626,417,0.33865814696485624,0.2182254196642686,5,3,3,"[[0.13465828 0.20586214]
 [0.19855866 0.43074505]
 [0.52370644 0.45668567]
 [0.30627308 0.20792703]
 [0.09224879 0.0830203 ]]"
img_44.jpg,54,32,hardhat,626,417,0.08626198083067092,0.07673860911270983,2,1,4,"[[0.13465828 0.20586214]
 [0.19855866 0.43074505]
 [0.52370644 0.45668567]
 [0.30627308 0.20792703]
 [0.09224879 0.0830203 ]]"
img_44.jpg,53,73,vest,626,417,0.08466453674121406,0.1750599520383693,2,3,0,"[[0.13465828 0.20586214]
 [0.19855866 0.43074505]
 [0.52370644 0.45668567]
 [0.30627308 0.20792703]
 [0.09224879 0.0830203 ]]"
img_44.jpg,47,31,boots,626,417,0.07507987220447285,0.07434052757793765,1,1,4,"[[0.13465828 0.20586214]
 [0.19855866 0.43074505]
 [0.52370644 0.45668567]
 [0.30627308 0.20792703]
 [0.09224879 0.0830203 ]]"
img_44.jpg,55,27,hardhat,626,417,0.0878594249201278,0.06474820143884892,2,1,4,"[[0.13465828 0.20586214]
 [0.19855866 0.43074505]
 [0.52370644 0.45668567]
 [0.30627308 0.20792703]
 [0.09224879 0.0830203 ]]"
img_44.jpg,29,24,mask,626,417,0.0463258785942492,0.05755395683453238,1,1,4,"[[0.13465828 0.20586214]
 [0.19855866 0.43074505]
 [0.52370644 0.45668567]
 [0.30627308 0.20792703]
 [0.09224879 0.0830203 ]]"
img_44.jpg,57,30,boots,626,417,0.09105431309904154,0.07194244604316546,2,1,4,"[[0.13465828 0.20586214]
 [0.19855866 0.43074505]
 [0.52370644 0.45668567]
 [0.30627308 0.20792703]
 [0.09224879 0.0830203 ]]"
img_44.jpg,31,18,mask,626,417,0.04952076677316294,0.04316546762589928,1,1,4,"[[0.13465828 0.20586214]
 [0.19855866 0.43074505]
 [0.52370644 0.45668567]
 [0.30627308 0.20792703]
 [0.09224879 0.0830203 ]]"
img_44.jpg,53,69,vest,626,417,0.08466453674121406,0.16546762589928057,2,3,0,"[[0.13465828 0.20586214]
 [0.19855866 0.43074505]
 [0.52370644 0.45668567]
 [0.30627308 0.20792703]
 [0.09224879 0.0830203 ]]"
img_44.jpg,52,43,boots,626,417,0.08306709265175719,0.10311750599520383,2,2,4,"[[0.13465828 0.20586214]
 [0.19855866 0.43074505]
 [0.52370644 0.45668567]
 [0.30627308 0.20792703]
 [0.09224879 0.0830203 ]]"
img_44.jpg,51,31,hardhat,626,417,0.08146964856230032,0.07434052757793765,2,1,4,"[[0.13465828 0.20586214]
 [0.19855866 0.43074505]
 [0.52370644 0.45668567]
 [0.30627308 0.20792703]
 [0.09224879 0.0830203 ]]"
img_44.jpg,35,73,vest,626,417,0.05591054313099041,0.1750599520383693,1,3,0,"[[0.13465828 0.20586214]
 [0.19855866 0.43074505]
 [0.52370644 0.45668567]
 [0.30627308 0.20792703]
 [0.09224879 0.0830203 ]]"
img_44.jpg,74,32,boots,626,417,0.1182108626198083,0.07673860911270983,2,1,4,"[[0.13465828 0.20586214]
 [0.19855866 0.43074505]
 [0.52370644 0.45668567]
 [0.30627308 0.20792703]
 [0.09224879 0.0830203 ]]"
img_58.jpg,95,67,hardhat,965,463,0.09844559585492228,0.1447084233261339,2,2,4,"[[0.13465828 0.20586214]
 [0.19855866 0.43074505]
 [0.52370644 0.45668567]
 [0.30627308 0.20792703]
 [0.09224879 0.0830203 ]]"
img_58.jpg,62,44,mask,965,463,0.06424870466321243,0.09503239740820735,1,2,4,"[[0.13465828 0.20586214]
 [0.19855866 0.43074505]
 [0.52370644 0.45668567]
 [0.30627308 0.20792703]
 [0.09224879 0.0830203 ]]"
img_58.jpg,160,187,vest,965,463,0.16580310880829016,0.4038876889848812,3,6,1,"[[0.13465828 0.20586214]
 [0.19855866 0.43074505]
 [0.52370644 0.45668567]
 [0.30627308 0.20792703]
 [0.09224879 0.0830203 ]]"
img_58.jpg,86,45,hardhat,965,463,0.08911917098445596,0.09719222462203024,2,2,4,"[[0.13465828 0.20586214]
 [0.19855866 0.43074505]
 [0.52370644 0.45668567]
 [0.30627308 0.20792703]
 [0.09224879 0.0830203 ]]"
img_58.jpg,72,51,mask,965,463,0.07461139896373056,0.1101511879049676,1,2,4,"[[0.13465828 0.20586214]
 [0.19855866 0.43074505]
 [0.52370644 0.45668567]
 [0.30627308 0.20792703]
 [0.09224879 0.0830203 ]]"
img_58.jpg,194,160,vest,965,463,0.20103626943005182,0.34557235421166305,3,5,1,"[[0.13465828 0.20586214]
 [0.19855866 0.43074505]
 [0.52370644 0.45668567]
 [0.30627308 0.20792703]
 [0.09224879 0.0830203 ]]"
img_21.jpg,368,271,hardhat,1068,1689,0.3445692883895131,0.16044997039668443,5,3,3,"[[0.13465828 0.20586214]
 [0.19855866 0.43074505]
 [0.52370644 0.45668567]
 [0.30627308 0.20792703]
 [0.09224879 0.0830203 ]]"
img_21.jpg,287,208,mask,1068,1689,0.2687265917602996,0.123149792776791,4,2,3,"[[0.13465828 0.20586214]
 [0.19855866 0.43074505]
 [0.52370644 0.45668567]
 [0.30627308 0.20792703]
 [0.09224879 0.0830203 ]]"
img_21.jpg,678,913,vest,1068,1689,0.6348314606741573,0.5405565423327413,9,8,2,"[[0.13465828 0.20586214]
 [0.19855866 0.43074505]
 [0.52370644 0.45668567]
 [0.30627308 0.20792703]
 [0.09224879 0.0830203 ]]"
img_18.jpg,92,84,mask,474,237,0.1940928270042194,0.35443037974683544,3,5,1,"[[0.13465828 0.20586214]
 [0.19855866 0.43074505]
 [0.52370644 0.45668567]
 [0.30627308 0.20792703]
 [0.09224879 0.0830203 ]]"
img_18.jpg,107,51,hardhat,474,237,0.22573839662447256,0.21518987341772153,3,3,3,"[[0.13465828 0.20586214]
 [0.19855866 0.43074505]
 [0.52370644 0.45668567]
 [0.30627308 0.20792703]
 [0.09224879 0.0830203 ]]"
img_18.jpg,77,60,mask,474,237,0.16244725738396623,0.25316455696202533,3,4,0,"[[0.13465828 0.20586214]
 [0.19855866 0.43074505]
 [0.52370644 0.45668567]
 [0.30627308 0.20792703]
 [0.09224879 0.0830203 ]]"
img_18.jpg,106,53,hardhat,474,237,0.22362869198312235,0.22362869198312235,3,3,3,"[[0.13465828 0.20586214]
 [0.19855866 0.43074505]
 [0.52370644 0.45668567]
 [0.30627308 0.20792703]
 [0.09224879 0.0830203 ]]"
img_18.jpg,61,55,mask,474,237,0.12869198312236288,0.2320675105485232,2,4,0,"[[0.13465828 0.20586214]
 [0.19855866 0.43074505]
 [0.52370644 0.45668567]
 [0.30627308 0.20792703]
 [0.09224879 0.0830203 ]]"
img_18.jpg,86,42,hardhat,474,237,0.18143459915611815,0.17721518987341772,3,3,0,"[[0.13465828 0.20586214]
 [0.19855866 0.43074505]
 [0.52370644 0.45668567]
 [0.30627308 0.20792703]
 [0.09224879 0.0830203 ]]"
img_18.jpg,41,63,hardhat,474,237,0.08649789029535865,0.26582278481012656,2,4,0,"[[0.13465828 0.20586214]
 [0.19855866 0.43074505]
 [0.52370644 0.45668567]
 [0.30627308 0.20792703]
 [0.09224879 0.0830203 ]]"
img_18.jpg,55,41,hardhat,474,237,0.1160337552742616,0.1729957805907173,2,3,0,"[[0.13465828 0.20586214]
 [0.19855866 0.43074505]
 [0.52370644 0.45668567]
 [0.30627308 0.20792703]
 [0.09224879 0.0830203 ]]"
img_18.jpg,61,42,mask,474,237,0.12869198312236288,0.17721518987341772,2,3,0,"[[0.13465828 0.20586214]
 [0.19855866 0.43074505]
 [0.52370644 0.45668567]
 [0.30627308 0.20792703]
 [0.09224879 0.0830203 ]]"
img_18.jpg,33,45,mask,474,237,0.06962025316455696,0.189873417721519,1,3,0,"[[0.13465828 0.20586214]
 [0.19855866 0.43074505]
 [0.52370644 0.45668567]
 [0.30627308 0.20792703]
 [0.09224879 0.0830203 ]]"
img_18.jpg,97,56,vest,474,237,0.20464135021097046,0.23628691983122363,3,4,3,"[[0.13465828 0.20586214]
 [0.19855866 0.43074505]
 [0.52370644 0.45668567]
 [0.30627308 0.20792703]
 [0.09224879 0.0830203 ]]"
img_18.jpg,134,52,vest,474,237,0.28270042194092826,0.21940928270042195,4,3,3,"[[0.13465828 0.20586214]
 [0.19855866 0.43074505]
 [0.52370644 0.45668567]
 [0.30627308 0.20792703]
 [0.09224879 0.0830203 ]]"
img_23.jpg,86,76,hardhat,299,470,0.28762541806020064,0.16170212765957448,4,3,3,"[[0.13465828 0.20586214]
 [0.19855866 0.43074505]
 [0.52370644 0.45668567]
 [0.30627308 0.20792703]
 [0.09224879 0.0830203 ]]"
img_23.jpg,60,50,mask,299,470,0.20066889632107024,0.10638297872340426,3,2,4,"[[0.13465828 0.20586214]
 [0.19855866 0.43074505]
 [0.52370644 0.45668567]
 [0.30627308 0.20792703]
 [0.09224879 0.0830203 ]]"
img_23.jpg,139,142,vest,299,470,0.46488294314381273,0.3021276595744681,7,4,2,"[[0.13465828 0.20586214]
 [0.19855866 0.43074505]
 [0.52370644 0.45668567]
 [0.30627308 0.20792703]
 [0.09224879 0.0830203 ]]"
img_24.jpg,113,105,hardhat,353,470,0.32011331444759206,0.22340425531914893,5,3,3,"[[0.13465828 0.20586214]
 [0.19855866 0.43074505]
 [0.52370644 0.45668567]
 [0.30627308 0.20792703]
 [0.09224879 0.0830203 ]]"
img_24.jpg,65,65,mask,353,470,0.18413597733711048,0.13829787234042554,3,2,0,"[[0.13465828 0.20586214]
 [0.19855866 0.43074505]
 [0.52370644 0.45668567]
 [0.30627308 0.20792703]
 [0.09224879 0.0830203 ]]"
img_24.jpg,154,232,vest,353,470,0.43626062322946174,0.49361702127659574,6,7,2,"[[0.13465828 0.20586214]
 [0.19855866 0.43074505]
 [0.52370644 0.45668567]
 [0.30627308 0.20792703]
 [0.09224879 0.0830203 ]]"
img_25.jpg,209,142,hardhat,1500,1101,0.13933333333333334,0.12897366030881016,2,2,0,"[[0.13465828 0.20586214]
 [0.19855866 0.43074505]
 [0.52370644 0.45668567]
 [0.30627308 0.20792703]
 [0.09224879 0.0830203 ]]"
img_25.jpg,153,95,mask,1500,1101,0.102,0.08628519527702089,2,2,4,"[[0.13465828 0.20586214]
 [0.19855866 0.43074505]
 [0.52370644 0.45668567]
 [0.30627308 0.20792703]
 [0.09224879 0.0830203 ]]"
img_25.jpg,289,466,vest,1500,1101,0.19266666666666668,0.4232515894641235,3,6,1,"[[0.13465828 0.20586214]
 [0.19855866 0.43074505]
 [0.52370644 0.45668567]
 [0.30627308 0.20792703]
 [0.09224879 0.0830203 ]]"
img_45.jpg,96,62,hardhat,957,1300,0.10031347962382445,0.047692307692307694,2,1,4,"[[0.13465828 0.20586214]
 [0.19855866 0.43074505]
 [0.52370644 0.45668567]
 [0.30627308 0.20792703]
 [0.09224879 0.0830203 ]]"
img_45.jpg,157,200,vest,957,1300,0.16405433646812956,0.15384615384615385,3,2,0,"[[0.13465828 0.20586214]
 [0.19855866 0.43074505]
 [0.52370644 0.45668567]
 [0.30627308 0.20792703]
 [0.09224879 0.0830203 ]]"
img_45.jpg,268,57,boots,957,1300,0.2800417972831766,0.04384615384615385,4,1,3,"[[0.13465828 0.20586214]
 [0.19855866 0.43074505]
 [0.52370644 0.45668567]
 [0.30627308 0.20792703]
 [0.09224879 0.0830203 ]]"
img_46.jpg,172,84,hardhat,957,1300,0.17972831765935215,0.06461538461538462,3,1,4,"[[0.13465828 0.20586214]
 [0.19855866 0.43074505]
 [0.52370644 0.45668567]
 [0.30627308 0.20792703]
 [0.09224879 0.0830203 ]]"
img_46.jpg,213,295,vest,957,1300,0.2225705329153605,0.22692307692307692,3,3,3,"[[0.13465828 0.20586214]
 [0.19855866 0.43074505]
 [0.52370644 0.45668567]
 [0.30627308 0.20792703]
 [0.09224879 0.0830203 ]]"
img_46.jpg,316,143,boots,957,1300,0.33019853709508884,0.11,5,2,3,"[[0.13465828 0.20586214]
 [0.19855866 0.43074505]
 [0.52370644 0.45668567]
 [0.30627308 0.20792703]
 [0.09224879 0.0830203 ]]"
img_26.jpg,234,152,hardhat,1697,1131,0.13789039481437831,0.134394341290893,2,2,0,"[[0.13465828 0.20586214]
 [0.19855866 0.43074505]
 [0.52370644 0.45668567]
 [0.30627308 0.20792703]
 [0.09224879 0.0830203 ]]"
img_26.jpg,254,477,vest,1697,1131,0.14967589864466707,0.4217506631299735,2,6,1,"[[0.13465828 0.20586214]
 [0.19855866 0.43074505]
 [0.52370644 0.45668567]
 [0.30627308 0.20792703]
 [0.09224879 0.0830203 ]]"
img_27.jpg,114,63,hardhat,474,474,0.24050632911392406,0.13291139240506328,4,2,3,"[[0.13465828 0.20586214]
 [0.19855866 0.43074505]
 [0.52370644 0.45668567]
 [0.30627308 0.20792703]
 [0.09224879 0.0830203 ]]"
img_27.jpg,90,50,mask,474,474,0.189873417721519,0.10548523206751055,3,2,4,"[[0.13465828 0.20586214]
 [0.19855866 0.43074505]
 [0.52370644 0.45668567]
 [0.30627308 0.20792703]
 [0.09224879 0.0830203 ]]"
img_47.jpg,56,24,hardhat,777,437,0.07207207207207207,0.05491990846681922,1,1,4,"[[0.13465828 0.20586214]
 [0.19855866 0.43074505]
 [0.52370644 0.45668567]
 [0.30627308 0.20792703]
 [0.09224879 0.0830203 ]]"
img_47.jpg,83,109,vest,777,437,0.10682110682110682,0.2494279176201373,2,4,0,"[[0.13465828 0.20586214]
 [0.19855866 0.43074505]
 [0.52370644 0.45668567]
 [0.30627308 0.20792703]
 [0.09224879 0.0830203 ]]"
img_47.jpg,31,55,boots,777,437,0.039897039897039896,0.12585812356979406,1,2,4,"[[0.13465828 0.20586214]
 [0.19855866 0.43074505]
 [0.52370644 0.45668567]
 [0.30627308 0.20792703]
 [0.09224879 0.0830203 ]]"
img_47.jpg,49,35,hardhat,777,437,0.06306306306306306,0.08009153318077804,1,2,4,"[[0.13465828 0.20586214]
 [0.19855866 0.43074505]
 [0.52370644 0.45668567]
 [0.30627308 0.20792703]
 [0.09224879 0.0830203 ]]"
img_47.jpg,76,76,vest,777,437,0.0978120978120978,0.17391304347826086,2,3,0,"[[0.13465828 0.20586214]
 [0.19855866 0.43074505]
 [0.52370644 0.45668567]
 [0.30627308 0.20792703]
 [0.09224879 0.0830203 ]]"
img_47.jpg,26,49,boots,777,437,0.03346203346203346,0.11212814645308924,1,2,4,"[[0.13465828 0.20586214]
 [0.19855866 0.43074505]
 [0.52370644 0.45668567]
 [0.30627308 0.20792703]
 [0.09224879 0.0830203 ]]"
img_48.jpg,79,38,hardhat,957,1300,0.08254963427377221,0.02923076923076923,2,1,4,"[[0.13465828 0.20586214]
 [0.19855866 0.43074505]
 [0.52370644 0.45668567]
 [0.30627308 0.20792703]
 [0.09224879 0.0830203 ]]"
img_48.jpg,82,51,hardhat,957,1300,0.08568443051201671,0.03923076923076923,2,1,4,"[[0.13465828 0.20586214]
 [0.19855866 0.43074505]
 [0.52370644 0.45668567]
 [0.30627308 0.20792703]
 [0.09224879 0.0830203 ]]"
img_48.jpg,109,206,vest,957,1300,0.11389759665621735,0.15846153846153846,2,3,0,"[[0.13465828 0.20586214]
 [0.19855866 0.43074505]
 [0.52370644 0.45668567]
 [0.30627308 0.20792703]
 [0.09224879 0.0830203 ]]"
img_48.jpg,126,55,boots,957,1300,0.13166144200626959,0.04230769230769231,2,1,4,"[[0.13465828 0.20586214]
 [0.19855866 0.43074505]
 [0.52370644 0.45668567]
 [0.30627308 0.20792703]
 [0.09224879 0.0830203 ]]"
img_48.jpg,164,64,boots,957,1300,0.17136886102403343,0.04923076923076923,3,1,4,"[[0.13465828 0.20586214]
 [0.19855866 0.43074505]
 [0.52370644 0.45668567]
 [0.30627308 0.20792703]
 [0.09224879 0.0830203 ]]"
img_49.jpg,63,38,hardhat,720,477,0.0875,0.07966457023060797,2,2,4,"[[0.13465828 0.20586214]
 [0.19855866 0.43074505]
 [0.52370644 0.45668567]
 [0.30627308 0.20792703]
 [0.09224879 0.0830203 ]]"
img_49.jpg,47,33,mask,720,477,0.06527777777777778,0.06918238993710692,1,1,4,"[[0.13465828 0.20586214]
 [0.19855866 0.43074505]
 [0.52370644 0.45668567]
 [0.30627308 0.20792703]
 [0.09224879 0.0830203 ]]"
img_49.jpg,84,119,vest,720,477,0.11666666666666667,0.24947589098532494,2,4,0,"[[0.13465828 0.20586214]
 [0.19855866 0.43074505]
 [0.52370644 0.45668567]
 [0.30627308 0.20792703]
 [0.09224879 0.0830203 ]]"
img_49.jpg,92,49,boots,720,477,0.12777777777777777,0.10272536687631027,2,2,4,"[[0.13465828 0.20586214]
 [0.19855866 0.43074505]
 [0.52370644 0.45668567]
 [0.30627308 0.20792703]
 [0.09224879 0.0830203 ]]"
img_28.jpg,147,159,hardhat,1440,900,0.10208333333333333,0.17666666666666667,2,3,0,"[[0.13465828 0.20586214]
 [0.19855866 0.43074505]
 [0.52370644 0.45668567]
 [0.30627308 0.20792703]
 [0.09224879 0.0830203 ]]"
img_28.jpg,187,292,vest,1440,900,0.12986111111111112,0.3244444444444444,2,5,0,"[[0.13465828 0.20586214]
 [0.19855866 0.43074505]
 [0.52370644 0.45668567]
 [0.30627308 0.20792703]
 [0.09224879 0.0830203 ]]"
img_29.jpg,248,175,hardhat,1300,1049,0.19076923076923077,0.16682554814108674,3,3,0,"[[0.13465828 0.20586214]
 [0.19855866 0.43074505]
 [0.52370644 0.45668567]
 [0.30627308 0.20792703]
 [0.09224879 0.0830203 ]]"
img_29.jpg,217,174,hardhat,1300,1049,0.16692307692307692,0.16587225929456625,3,3,0,"[[0.13465828 0.20586214]
 [0.19855866 0.43074505]
 [0.52370644 0.45668567]
 [0.30627308 0.20792703]
 [0.09224879 0.0830203 ]]"
img_29.jpg,209,554,vest,1300,1049,0.16076923076923078,0.5281220209723546,3,7,1,"[[0.13465828 0.20586214]
 [0.19855866 0.43074505]
 [0.52370644 0.45668567]
 [0.30627308 0.20792703]
 [0.09224879 0.0830203 ]]"
img_29.jpg,315,541,vest,1300,1049,0.2423076923076923,0.5157292659675882,4,7,1,"[[0.13465828 0.20586214]
 [0.19855866 0.43074505]
 [0.52370644 0.45668567]
 [0.30627308 0.20792703]
 [0.09224879 0.0830203 ]]"
img_30.jpg,97,49,hardhat,474,178,0.20464135021097046,0.2752808988764045,3,4,1,"[[0.13465828 0.20586214]
 [0.19855866 0.43074505]
 [0.52370644 0.45668567]
 [0.30627308 0.20792703]
 [0.09224879 0.0830203 ]]"
img_30.jpg,70,31,hardhat,474,178,0.14767932489451477,0.17415730337078653,2,3,0,"[[0.13465828 0.20586214]
 [0.19855866 0.43074505]
 [0.52370644 0.45668567]
 [0.30627308 0.20792703]
 [0.09224879 0.0830203 ]]"
img_30.jpg,64,82,vest,474,178,0.1350210970464135,0.4606741573033708,2,6,1,"[[0.13465828 0.20586214]
 [0.19855866 0.43074505]
 [0.52370644 0.45668567]
 [0.30627308 0.20792703]
 [0.09224879 0.0830203 ]]"
img_30.jpg,76,99,vest,474,178,0.16033755274261605,0.5561797752808989,3,8,1,"[[0.13465828 0.20586214]
 [0.19855866 0.43074505]
 [0.52370644 0.45668567]
 [0.30627308 0.20792703]
 [0.09224879 0.0830203 ]]"
img_31.jpg,69,43,hardhat,474,345,0.14556962025316456,0.1246376811594203,2,2,0,"[[0.13465828 0.20586214]
 [0.19855866 0.43074505]
 [0.52370644 0.45668567]
 [0.30627308 0.20792703]
 [0.09224879 0.0830203 ]]"
img_31.jpg,108,151,vest,474,345,0.22784810126582278,0.43768115942028984,3,6,1,"[[0.13465828 0.20586214]
 [0.19855866 0.43074505]
 [0.52370644 0.45668567]
 [0.30627308 0.20792703]
 [0.09224879 0.0830203 ]]"
img_53.jpg,122,220,vest,290,735,0.4206896551724138,0.29931972789115646,6,4,2,"[[0.13465828 0.20586214]
 [0.19855866 0.43074505]
 [0.52370644 0.45668567]
 [0.30627308 0.20792703]
 [0.09224879 0.0830203 ]]"
img_32.jpg,154,101,hardhat,1300,957,0.11846153846153847,0.10553814002089865,2,2,4,"[[0.13465828 0.20586214]
 [0.19855866 0.43074505]
 [0.52370644 0.45668567]
 [0.30627308 0.20792703]
 [0.09224879 0.0830203 ]]"
img_33.jpg,674,308,hardhat,960,1300,0.7020833333333333,0.23692307692307693,10,4,2,"[[0.13465828 0.20586214]
 [0.19855866 0.43074505]
 [0.52370644 0.45668567]
 [0.30627308 0.20792703]
 [0.09224879 0.0830203 ]]"
img_34.jpg,150,80,hardhat,800,532,0.1875,0.15037593984962405,3,2,0,"[[0.13465828 0.20586214]
 [0.19855866 0.43074505]
 [0.52370644 0.45668567]
 [0.30627308 0.20792703]
 [0.09224879 0.0830203 ]]"
img_34.jpg,107,100,hardhat,800,532,0.13375,0.18796992481203006,2,3,0,"[[0.13465828 0.20586214]
 [0.19855866 0.43074505]
 [0.52370644 0.45668567]
 [0.30627308 0.20792703]
 [0.09224879 0.0830203 ]]"
img_34.jpg,149,263,vest,800,532,0.18625,0.4943609022556391,3,7,1,"[[0.13465828 0.20586214]
 [0.19855866 0.43074505]
 [0.52370644 0.45668567]
 [0.30627308 0.20792703]
 [0.09224879 0.0830203 ]]"
img_34.jpg,181,329,vest,800,532,0.22625,0.618421052631579,3,9,1,"[[0.13465828 0.20586214]
 [0.19855866 0.43074505]
 [0.52370644 0.45668567]
 [0.30627308 0.20792703]
 [0.09224879 0.0830203 ]]"
img_54.jpg,168,151,boots,800,632,0.21,0.2389240506329114,3,4,3,"[[0.13465828 0.20586214]
 [0.19855866 0.43074505]
 [0.52370644 0.45668567]
 [0.30627308 0.20792703]
 [0.09224879 0.0830203 ]]"
img_54.jpg,225,141,boots,800,632,0.28125,0.2231012658227848,4,3,3,"[[0.13465828 0.20586214]
 [0.19855866 0.43074505]
 [0.52370644 0.45668567]
 [0.30627308 0.20792703]
 [0.09224879 0.0830203 ]]"
img_54.jpg,215,125,boots,800,632,0.26875,0.19778481012658228,4,3,3,"[[0.13465828 0.20586214]
 [0.19855866 0.43074505]
 [0.52370644 0.45668567]
 [0.30627308 0.20792703]
 [0.09224879 0.0830203 ]]"
img_54.jpg,93,100,boots,800,632,0.11625,0.15822784810126583,2,3,0,"[[0.13465828 0.20586214]
 [0.19855866 0.43074505]
 [0.52370644 0.45668567]
 [0.30627308 0.20792703]
 [0.09224879 0.0830203 ]]"
img_55.jpg,200,94,boots,800,530,0.25,0.17735849056603772,4,3,3,"[[0.13465828 0.20586214]
 [0.19855866 0.43074505]
 [0.52370644 0.45668567]
 [0.30627308 0.20792703]
 [0.09224879 0.0830203 ]]"
img_55.jpg,159,209,vest,800,530,0.19875,0.39433962264150946,3,6,1,"[[0.13465828 0.20586214]
 [0.19855866 0.43074505]
 [0.52370644 0.45668567]
 [0.30627308 0.20792703]
 [0.09224879 0.0830203 ]]"
img_55.jpg,94,50,hardhat,800,530,0.1175,0.09433962264150944,2,2,4,"[[0.13465828 0.20586214]
 [0.19855866 0.43074505]
 [0.52370644 0.45668567]
 [0.30627308 0.20792703]
 [0.09224879 0.0830203 ]]"
img_35.jpg,149,89,hardhat,800,533,0.18625,0.1669793621013133,3,3,0,"[[0.13465828 0.20586214]
 [0.19855866 0.43074505]
 [0.52370644 0.45668567]
 [0.30627308 0.20792703]
 [0.09224879 0.0830203 ]]"
img_35.jpg,154,85,hardhat,800,533,0.1925,0.15947467166979362,3,3,0,"[[0.13465828 0.20586214]
 [0.19855866 0.43074505]
 [0.52370644 0.45668567]
 [0.30627308 0.20792703]
 [0.09224879 0.0830203 ]]"
img_56.jpg,368,310,boots,800,533,0.46,0.5816135084427767,6,8,2,"[[0.13465828 0.20586214]
 [0.19855866 0.43074505]
 [0.52370644 0.45668567]
 [0.30627308 0.20792703]
 [0.09224879 0.0830203 ]]"
img_57.jpg,115,56,hardhat,800,533,0.14375,0.1050656660412758,2,2,4,"[[0.13465828 0.20586214]
 [0.19855866 0.43074505]
 [0.52370644 0.45668567]
 [0.30627308 0.20792703]
 [0.09224879 0.0830203 ]]"
img_57.jpg,228,176,boots,800,533,0.285,0.3302063789868668,4,5,3,"[[0.13465828 0.20586214]
 [0.19855866 0.43074505]
 [0.52370644 0.45668567]
 [0.30627308 0.20792703]
 [0.09224879 0.0830203 ]]"
img_59.jpg,84,138,boots,800,532,0.105,0.2593984962406015,2,4,0,"[[0.13465828 0.20586214]
 [0.19855866 0.43074505]
 [0.52370644 0.45668567]
 [0.30627308 0.20792703]
 [0.09224879 0.0830203 ]]"
img_59.jpg,94,88,boots,800,532,0.1175,0.16541353383458646,2,3,0,"[[0.13465828 0.20586214]
 [0.19855866 0.43074505]
 [0.52370644 0.45668567]
 [0.30627308 0.20792703]
 [0.09224879 0.0830203 ]]"
img_59.jpg,125,151,boots,800,532,0.15625,0.28383458646616544,3,4,0,"[[0.13465828 0.20586214]
 [0.19855866 0.43074505]
 [0.52370644 0.45668567]
 [0.30627308 0.20792703]
 [0.09224879 0.0830203 ]]"
img_59.jpg,54,105,boots,800,532,0.0675,0.19736842105263158,1,3,0,"[[0.13465828 0.20586214]
 [0.19855866 0.43074505]
 [0.52370644 0.45668567]
 [0.30627308 0.20792703]
 [0.09224879 0.0830203 ]]"
img_59.jpg,60,80,boots,800,532,0.075,0.15037593984962405,1,2,4,"[[0.13465828 0.20586214]
 [0.19855866 0.43074505]
 [0.52370644 0.45668567]
 [0.30627308 0.20792703]
 [0.09224879 0.0830203 ]]"
img_59.jpg,119,151,boots,800,532,0.14875,0.28383458646616544,2,4,0,"[[0.13465828 0.20586214]
 [0.19855866 0.43074505]
 [0.52370644 0.45668567]
 [0.30627308 0.20792703]
 [0.09224879 0.0830203 ]]"
img_59.jpg,70,91,boots,800,532,0.0875,0.17105263157894737,2,3,0,"[[0.13465828 0.20586214]
 [0.19855866 0.43074505]
 [0.52370644 0.45668567]
 [0.30627308 0.20792703]
 [0.09224879 0.0830203 ]]"
img_59.jpg,106,103,boots,800,532,0.1325,0.19360902255639098,2,3,0,"[[0.13465828 0.20586214]
 [0.19855866 0.43074505]
 [0.52370644 0.45668567]
 [0.30627308 0.20792703]
 [0.09224879 0.0830203 ]]"
img_60.jpg,148,94,boots,800,394,0.185,0.23857868020304568,3,4,0,"[[0.13465828 0.20586214]
 [0.19855866 0.43074505]
 [0.52370644 0.45668567]
 [0.30627308 0.20792703]
 [0.09224879 0.0830203 ]]"
img_60.jpg,164,84,boots,800,394,0.205,0.2131979695431472,3,3,3,"[[0.13465828 0.20586214]
 [0.19855866 0.43074505]
 [0.52370644 0.45668567]
 [0.30627308 0.20792703]
 [0.09224879 0.0830203 ]]"
img_60.jpg,137,110,boots,800,394,0.17125,0.27918781725888325,3,4,0,"[[0.13465828 0.20586214]
 [0.19855866 0.43074505]
 [0.52370644 0.45668567]
 [0.30627308 0.20792703]
 [0.09224879 0.0830203 ]]"
img_60.jpg,111,94,boots,800,394,0.13875,0.23857868020304568,2,4,0,"[[0.13465828 0.20586214]
 [0.19855866 0.43074505]
 [0.52370644 0.45668567]
 [0.30627308 0.20792703]
 [0.09224879 0.0830203 ]]"
img_61.jpg,390,296,boots,800,450,0.4875,0.6577777777777778,7,9,2,"[[0.13465828 0.20586214]
 [0.19855866 0.43074505]
 [0.52370644 0.45668567]
 [0.30627308 0.20792703]
 [0.09224879 0.0830203 ]]"
img_62.jpg,116,79,boots,800,490,0.145,0.16122448979591836,2,3,0,"[[0.13465828 0.20586214]
 [0.19855866 0.43074505]
 [0.52370644 0.45668567]
 [0.30627308 0.20792703]
 [0.09224879 0.0830203 ]]"
img_62.jpg,84,137,boots,800,490,0.105,0.2795918367346939,2,4,0,"[[0.13465828 0.20586214]
 [0.19855866 0.43074505]
 [0.52370644 0.45668567]
 [0.30627308 0.20792703]
 [0.09224879 0.0830203 ]]"
img_63.jpg,97,147,boots,654,900,0.14831804281345565,0.16333333333333333,2,3,0,"[[0.13465828 0.20586214]
 [0.19855866 0.43074505]
 [0.52370644 0.45668567]
 [0.30627308 0.20792703]
 [0.09224879 0.0830203 ]]"
img_64.jpg,314,168,boots,800,543,0.3925,0.30939226519337015,6,5,3,"[[0.13465828 0.20586214]
 [0.19855866 0.43074505]
 [0.52370644 0.45668567]
 [0.30627308 0.20792703]
 [0.09224879 0.0830203 ]]"
img_65.jpg,99,89,boots,800,533,0.12375,0.1669793621013133,2,3,0,"[[0.13465828 0.20586214]
 [0.19855866 0.43074505]
 [0.52370644 0.45668567]
 [0.30627308 0.20792703]
 [0.09224879 0.0830203 ]]"
img_65.jpg,97,56,boots,800,533,0.12125,0.1050656660412758,2,2,4,"[[0.13465828 0.20586214]
 [0.19855866 0.43074505]
 [0.52370644 0.45668567]
 [0.30627308 0.20792703]
 [0.09224879 0.0830203 ]]"
img_65.jpg,118,38,boots,800,533,0.1475,0.07129455909943715,2,1,4,"[[0.13465828 0.20586214]
 [0.19855866 0.43074505]
 [0.52370644 0.45668567]
 [0.30627308 0.20792703]
 [0.09224879 0.0830203 ]]"
img_66.jpg,117,62,boots,800,533,0.14625,0.11632270168855535,2,2,0,"[[0.13465828 0.20586214]
 [0.19855866 0.43074505]
 [0.52370644 0.45668567]
 [0.30627308 0.20792703]
 [0.09224879 0.0830203 ]]"
img_66.jpg,92,62,boots,800,533,0.115,0.11632270168855535,2,2,4,"[[0.13465828 0.20586214]
 [0.19855866 0.43074505]
 [0.52370644 0.45668567]
 [0.30627308 0.20792703]
 [0.09224879 0.0830203 ]]"
img_67.jpg,426,256,boots,800,533,0.5325,0.4803001876172608,7,7,2,"[[0.13465828 0.20586214]
 [0.19855866 0.43074505]
 [0.52370644 0.45668567]
 [0.30627308 0.20792703]
 [0.09224879 0.0830203 ]]"
img_68.jpg,128,279,boots,800,533,0.16,0.5234521575984991,3,7,1,"[[0.13465828 0.20586214]
 [0.19855866 0.43074505]
 [0.52370644 0.45668567]
 [0.30627308 0.20792703]
 [0.09224879 0.0830203 ]]"
img_69.jpg,201,140,boots,800,533,0.25125,0.2626641651031895,4,4,3,"[[0.13465828 0.20586214]
 [0.19855866 0.43074505]
 [0.52370644 0.45668567]
 [0.30627308 0.20792703]
 [0.09224879 0.0830203 ]]"
img_70.jpg,82,100,boots,800,533,0.1025,0.18761726078799248,2,3,0,"[[0.13465828 0.20586214]
 [0.19855866 0.43074505]
 [0.52370644 0.45668567]
 [0.30627308 0.20792703]
 [0.09224879 0.0830203 ]]"
img_70.jpg,140,121,boots,800,533,0.175,0.2270168855534709,3,3,0,"[[0.13465828 0.20586214]
 [0.19855866 0.43074505]
 [0.52370644 0.45668567]
 [0.30627308 0.20792703]
 [0.09224879 0.0830203 ]]"
img_71.jpg,291,157,boots,600,900,0.485,0.17444444444444446,7,3,3,"[[0.13465828 0.20586214]
 [0.19855866 0.43074505]
 [0.52370644 0.45668567]
 [0.30627308 0.20792703]
 [0.09224879 0.0830203 ]]"
img_72.jpg,176,140,boots,800,533,0.22,0.2626641651031895,3,4,3,"[[0.13465828 0.20586214]
 [0.19855866 0.43074505]
 [0.52370644 0.45668567]
 [0.30627308 0.20792703]
 [0.09224879 0.0830203 ]]"
img_73.jpg,251,281,boots,800,533,0.31375,0.5272045028142589,5,7,2,"[[0.13465828 0.20586214]
 [0.19855866 0.43074505]
 [0.52370644 0.45668567]
 [0.30627308 0.20792703]
 [0.09224879 0.0830203 ]]"
img_73.jpg,246,146,boots,800,533,0.3075,0.27392120075046905,4,4,3,"[[0.13465828 0.20586214]
 [0.19855866 0.43074505]
 [0.52370644 0.45668567]
 [0.30627308 0.20792703]
 [0.09224879 0.0830203 ]]"
img_74.jpg,409,406,boots,800,533,0.51125,0.7617260787992496,7,10,2,"[[0.13465828 0.20586214]
 [0.19855866 0.43074505]
 [0.52370644 0.45668567]
 [0.30627308 0.20792703]
 [0.09224879 0.0830203 ]]"
img_75.jpg,95,49,boots,800,519,0.11875,0.09441233140655106,2,2,4,"[[0.13465828 0.20586214]
 [0.19855866 0.43074505]
 [0.52370644 0.45668567]
 [0.30627308 0.20792703]
 [0.09224879 0.0830203 ]]"
img_75.jpg,76,49,boots,800,519,0.095,0.09441233140655106,2,2,4,"[[0.13465828 0.20586214]
 [0.19855866 0.43074505]
 [0.52370644 0.45668567]
 [0.30627308 0.20792703]
 [0.09224879 0.0830203 ]]"
img_12.jpg,207,195,mask,1300,956,0.15923076923076923,0.20397489539748953,3,3,0,"[[0.13465828 0.20586214]
 [0.19855866 0.43074505]
 [0.52370644 0.45668567]
 [0.30627308 0.20792703]
 [0.09224879 0.0830203 ]]"
img_12.jpg,344,207,hardhat,1300,956,0.26461538461538464,0.21652719665271966,4,3,3,"[[0.13465828 0.20586214]
 [0.19855866 0.43074505]
 [0.52370644 0.45668567]
 [0.30627308 0.20792703]
 [0.09224879 0.0830203 ]]"
img_12.jpg,658,329,vest,1300,956,0.5061538461538462,0.34414225941422594,7,5,2,"[[0.13465828 0.20586214]
 [0.19855866 0.43074505]
 [0.52370644 0.45668567]
 [0.30627308 0.20792703]
 [0.09224879 0.0830203 ]]"
